Sat Nov 16 17:34:18 2024, +45.0°C

Sat Nov 16 17:34:28 2024, +45.0°C

Sat Nov 16 17:34:38 2024, +44.0°C

Sat Nov 16 17:34:48 2024, +44.0°C

Sat Nov 16 17:34:58 2024, +44.0°C

Sat Nov 16 17:35:09 2024, +45.0°C

Sat Nov 16 17:35:19 2024, +46.0°C

Sat Nov 16 17:35:29 2024, +46.0°C

Sat Nov 16 18:32:47 2024, +30.0°C

Sat Nov 16 18:32:57 2024, +30.0°C

Sat Nov 16 18:33:07 2024, +40.0°C

Sat Nov 16 18:33:17 2024, +40.0°C

Sat Nov 16 18:33:27 2024, +39.0°C

Sat Nov 16 18:33:37 2024, +46.0°C

Sat Nov 16 18:33:47 2024, +46.0°C

Sat Nov 16 18:33:57 2024, +45.0°C

Sat Nov 16 18:34:07 2024, +45.0°C

Sat Nov 16 18:34:17 2024, +45.0°C

Sat Nov 16 18:34:27 2024, +46.0°C

Sat Nov 16 18:34:37 2024, +46.0°C

Sat Nov 16 18:34:47 2024, +46.0°C

Sat Nov 16 18:34:57 2024, +46.0°C

Sat Nov 16 18:35:07 2024, +46.0°C

Sat Nov 16 18:35:17 2024, +46.0°C

Sat Nov 16 18:35:27 2024, +46.0°C

Sat Nov 16 18:50:17 2024, +46.0°C

Sat Nov 16 18:50:27 2024, +32.0°C

Sat Nov 16 18:50:37 2024, +32.0°C

Sat Nov 16 18:50:48 2024, +33.0°C

Sat Nov 16 18:50:58 2024, +34.0°C

Sat Nov 16 18:51:08 2024, +34.0°C

Sat Nov 16 18:51:18 2024, +34.0°C

Sat Nov 16 18:51:28 2024, +34.0°C

Sat Nov 16 18:51:38 2024, +37.0°C

Sat Nov 16 18:51:48 2024, +38.0°C

Sat Nov 16 18:51:58 2024, +38.0°C

Sat Nov 16 18:52:08 2024, +39.0°C

Sat Nov 16 18:52:18 2024, +39.0°C

Sat Nov 16 18:52:28 2024, +37.0°C

Sat Nov 16 18:52:38 2024, +38.0°C

Sat Nov 16 18:52:48 2024, +38.0°C

Sat Nov 16 18:52:58 2024, +38.0°C

Sat Nov 16 18:53:08 2024, +41.0°C

Sat Nov 16 18:53:18 2024, +41.0°C

Sat Nov 16 18:53:28 2024, +41.0°C

Sat Nov 16 18:53:38 2024, +41.0°C

Sat Nov 16 18:53:48 2024, +42.0°C

Sat Nov 16 18:53:58 2024, +44.0°C

Sat Nov 16 18:54:08 2024, +44.0°C

Sat Nov 16 18:54:18 2024, +46.0°C

Sat Nov 16 18:54:28 2024, +47.0°C

Sat Nov 16 18:54:38 2024, +47.0°C

Sat Nov 16 18:54:48 2024, +47.0°C

Sat Nov 16 18:54:58 2024, +47.0°C

Sat Nov 16 18:55:08 2024, +47.0°C

Sat Nov 16 18:55:18 2024, +48.0°C

Sat Nov 16 18:55:28 2024, +48.0°C

Sat Nov 16 18:55:38 2024, +51.0°C

Sat Nov 16 18:55:48 2024, +51.0°C

Sat Nov 16 18:55:58 2024, +51.0°C

Sat Nov 16 18:56:08 2024, +51.0°C

Sat Nov 16 18:56:18 2024, +51.0°C

Sat Nov 16 18:56:28 2024, +52.0°C

Sat Nov 16 18:56:39 2024, +52.0°C

Sat Nov 16 18:56:49 2024, +52.0°C

Sat Nov 16 18:56:59 2024, +52.0°C

Sat Nov 16 18:57:09 2024, +52.0°C

Sat Nov 16 18:57:19 2024, +53.0°C

Sat Nov 16 18:57:29 2024, +52.0°C

Sat Nov 16 18:57:39 2024, +52.0°C

Sat Nov 16 18:57:49 2024, +53.0°C

Sat Nov 16 18:57:59 2024, +53.0°C

Sat Nov 16 18:58:09 2024, +53.0°C

Sat Nov 16 18:58:19 2024, +53.0°C

Sat Nov 16 18:58:29 2024, +53.0°C

Sat Nov 16 18:58:39 2024, +53.0°C

Sat Nov 16 18:58:49 2024, +53.0°C

Sat Nov 16 18:58:59 2024, +53.0°C

Sat Nov 16 18:59:09 2024, +54.0°C

Sat Nov 16 18:59:19 2024, +54.0°C

Sat Nov 16 18:59:29 2024, +55.0°C

Sat Nov 16 18:59:39 2024, +55.0°C

Sat Nov 16 18:59:49 2024, +55.0°C

Sat Nov 16 18:59:59 2024, +55.0°C

Sat Nov 16 19:00:09 2024, +55.0°C

Sat Nov 16 19:00:19 2024, +55.0°C

Sat Nov 16 19:00:29 2024, +55.0°C

Sat Nov 16 19:00:39 2024, +55.0°C

Sat Nov 16 19:00:49 2024, +55.0°C

Sat Nov 16 19:00:59 2024, +56.0°C

Sat Nov 16 19:01:09 2024, +56.0°C

Sat Nov 16 19:01:19 2024, +56.0°C

Sat Nov 16 19:01:29 2024, +56.0°C

Sat Nov 16 19:01:39 2024, +56.0°C

Sat Nov 16 19:01:49 2024, +55.0°C

Sat Nov 16 19:01:59 2024, +55.0°C

Sat Nov 16 19:02:09 2024, +55.0°C

Sat Nov 16 19:02:19 2024, +54.0°C

Sat Nov 16 19:02:29 2024, +54.0°C

Sat Nov 16 19:02:39 2024, +55.0°C

Sat Nov 16 19:02:49 2024, +55.0°C

Sat Nov 16 19:02:59 2024, +56.0°C

Sat Nov 16 19:03:09 2024, +56.0°C

Sat Nov 16 19:03:19 2024, +56.0°C

Sat Nov 16 19:03:29 2024, +56.0°C

Sat Nov 16 19:03:39 2024, +56.0°C

Sat Nov 16 19:03:49 2024, +56.0°C

Sat Nov 16 19:04:00 2024, +53.0°C

Sat Nov 16 19:04:10 2024, +53.0°C

Sat Nov 16 19:04:20 2024, +49.0°C

Sat Nov 16 19:04:30 2024, +47.0°C

Sat Nov 16 19:04:40 2024, +47.0°C

Sat Nov 16 19:04:50 2024, +46.0°C

Sat Nov 16 19:05:00 2024, +48.0°C

Sat Nov 16 19:05:10 2024, +48.0°C

Sat Nov 16 19:05:20 2024, +50.0°C

Sat Nov 16 19:05:30 2024, +50.0°C

Sat Nov 16 19:05:40 2024, +52.0°C

Sat Nov 16 19:05:50 2024, +53.0°C

Sat Nov 16 19:06:00 2024, +53.0°C

Sat Nov 16 19:06:10 2024, +54.0°C

Sat Nov 16 19:06:20 2024, +54.0°C

Sat Nov 16 19:06:30 2024, +55.0°C

Sat Nov 16 19:06:40 2024, +55.0°C

Sat Nov 16 19:06:50 2024, +55.0°C

Sat Nov 16 19:07:01 2024, +58.0°C

Sat Nov 16 19:07:11 2024, +53.0°C

Sat Nov 16 19:07:21 2024, +53.0°C

Sat Nov 16 19:07:31 2024, +47.0°C

Sat Nov 16 19:07:41 2024, +47.0°C

Sat Nov 16 19:07:51 2024, +45.0°C

Sat Nov 16 19:08:02 2024, +44.0°C

Sat Nov 16 19:08:12 2024, +44.0°C

Sat Nov 16 19:08:22 2024, +44.0°C

Sat Nov 16 19:08:32 2024, +44.0°C

Sat Nov 16 19:08:42 2024, +44.0°C

Sat Nov 16 19:08:52 2024, +44.0°C

Sat Nov 16 19:09:02 2024, +44.0°C

Sat Nov 16 19:09:12 2024, +45.0°C

Sat Nov 16 19:09:22 2024, +44.0°C

Sat Nov 16 19:09:32 2024, +44.0°C

Sat Nov 16 19:09:42 2024, +44.0°C

Sat Nov 16 19:09:52 2024, +44.0°C

Sat Nov 16 19:10:02 2024, +45.0°C

Sat Nov 16 19:10:12 2024, +45.0°C

Sat Nov 16 19:10:22 2024, +45.0°C

Sat Nov 16 19:10:32 2024, +45.0°C

Sat Nov 16 19:10:42 2024, +45.0°C

Sat Nov 16 19:10:52 2024, +45.0°C

Sat Nov 16 19:11:02 2024, +43.0°C

Sat Nov 16 19:11:12 2024, +43.0°C

Sat Nov 16 19:11:22 2024, +43.0°C

Sat Nov 16 19:11:32 2024, +44.0°C

Sat Nov 16 19:11:42 2024, +44.0°C

Sat Nov 16 19:11:52 2024, +46.0°C

Sat Nov 16 19:12:02 2024, +47.0°C

Sat Nov 16 19:12:12 2024, +47.0°C

Sat Nov 16 19:12:22 2024, +47.0°C

Sat Nov 16 19:12:32 2024, +47.0°C

Sat Nov 16 19:12:42 2024, +48.0°C

Sat Nov 16 19:12:53 2024, +48.0°C

Sat Nov 16 19:13:03 2024, +48.0°C

Sat Nov 16 19:13:13 2024, +48.0°C

Sat Nov 16 19:13:23 2024, +48.0°C

Sat Nov 16 19:13:33 2024, +47.0°C

Sat Nov 16 19:13:43 2024, +47.0°C

Sat Nov 16 19:13:53 2024, +47.0°C

Sat Nov 16 19:14:03 2024, +46.0°C

Sat Nov 16 19:14:13 2024, +44.0°C

Sat Nov 16 19:14:23 2024, +44.0°C

Sat Nov 16 19:14:33 2024, +43.0°C

Sat Nov 16 19:14:43 2024, +43.0°C

Sat Nov 16 19:14:53 2024, +44.0°C

Sat Nov 16 19:15:03 2024, +44.0°C

Sat Nov 16 19:15:13 2024, +44.0°C

Sat Nov 16 19:15:23 2024, +44.0°C

Sat Nov 16 19:15:33 2024, +43.0°C

Sat Nov 16 19:15:43 2024, +43.0°C

Sat Nov 16 19:15:53 2024, +43.0°C

Sat Nov 16 19:16:03 2024, +43.0°C

Sat Nov 16 19:16:13 2024, +43.0°C

Sat Nov 16 19:16:23 2024, +43.0°C

Sat Nov 16 19:16:33 2024, +43.0°C

Sat Nov 16 19:16:43 2024, +43.0°C

Sat Nov 16 19:16:53 2024, +43.0°C

Sat Nov 16 19:17:03 2024, +42.0°C

Sat Nov 16 19:17:13 2024, +42.0°C

Sat Nov 16 19:17:23 2024, +42.0°C

Sat Nov 16 19:17:33 2024, +42.0°C

Sat Nov 16 19:17:43 2024, +44.0°C

Sat Nov 16 19:17:53 2024, +44.0°C

Sat Nov 16 19:18:03 2024, +44.0°C

Sat Nov 16 19:18:13 2024, +44.0°C

Sat Nov 16 19:18:23 2024, +44.0°C

Sat Nov 16 19:18:33 2024, +43.0°C

Sat Nov 16 19:18:43 2024, +43.0°C

Sat Nov 16 19:18:53 2024, +43.0°C

Sat Nov 16 19:19:03 2024, +42.0°C

Sat Nov 16 19:19:13 2024, +42.0°C

Sat Nov 16 19:19:23 2024, +42.0°C

Sat Nov 16 19:19:33 2024, +42.0°C

Sat Nov 16 19:19:43 2024, +43.0°C

Sat Nov 16 19:19:53 2024, +42.0°C

Sat Nov 16 19:20:04 2024, +42.0°C

Sat Nov 16 19:20:14 2024, +42.0°C

Sat Nov 16 19:20:24 2024, +41.0°C

Sat Nov 16 19:20:34 2024, +41.0°C

Sat Nov 16 19:20:44 2024, +42.0°C

Sat Nov 16 19:20:54 2024, +42.0°C

Sat Nov 16 19:21:04 2024, +43.0°C

Sat Nov 16 19:21:14 2024, +45.0°C

Sat Nov 16 19:21:24 2024, +45.0°C

Sat Nov 16 19:21:34 2024, +47.0°C

Sat Nov 16 19:21:44 2024, +47.0°C

Sat Nov 16 19:21:54 2024, +48.0°C

Sat Nov 16 19:22:04 2024, +47.0°C

Sat Nov 16 19:22:14 2024, +47.0°C

Sat Nov 16 19:22:24 2024, +48.0°C

Sat Nov 16 19:22:34 2024, +48.0°C

Sat Nov 16 19:22:44 2024, +48.0°C

Sat Nov 16 19:22:54 2024, +48.0°C

Sat Nov 16 19:23:04 2024, +48.0°C

Sat Nov 16 19:23:14 2024, +48.0°C

Sat Nov 16 19:23:24 2024, +48.0°C

Sat Nov 16 19:23:34 2024, +48.0°C

Sat Nov 16 19:23:44 2024, +50.0°C

Sat Nov 16 19:23:54 2024, +51.0°C

Sat Nov 16 19:24:04 2024, +51.0°C

Sat Nov 16 19:24:14 2024, +54.0°C

Sat Nov 16 19:24:24 2024, +54.0°C

Sat Nov 16 19:24:34 2024, +59.0°C

Sat Nov 16 19:24:44 2024, +56.0°C

Sat Nov 16 19:24:55 2024, +56.0°C

Sat Nov 16 19:25:05 2024, +49.0°C

Sat Nov 16 19:25:15 2024, +49.0°C

Sat Nov 16 19:25:25 2024, +47.0°C

Sat Nov 16 19:25:35 2024, +45.0°C

Sat Nov 16 19:25:45 2024, +45.0°C

Sat Nov 16 19:25:55 2024, +44.0°C

Sat Nov 16 19:26:05 2024, +43.0°C

Sat Nov 16 19:26:15 2024, +43.0°C

Sat Nov 16 19:26:25 2024, +42.0°C

Sat Nov 16 19:26:35 2024, +42.0°C

Sat Nov 16 19:26:45 2024, +43.0°C

Sat Nov 16 19:26:55 2024, +42.0°C

Sat Nov 16 19:27:05 2024, +42.0°C

Sat Nov 16 19:27:15 2024, +42.0°C

Sat Nov 16 19:27:25 2024, +41.0°C

Sat Nov 16 19:27:35 2024, +41.0°C

Sat Nov 16 19:27:45 2024, +42.0°C

Sat Nov 16 19:27:55 2024, +42.0°C

Sat Nov 16 19:28:05 2024, +44.0°C

Sat Nov 16 19:28:15 2024, +44.0°C

Sat Nov 16 19:28:25 2024, +44.0°C

Sat Nov 16 19:28:35 2024, +45.0°C

Sat Nov 16 19:28:45 2024, +45.0°C

Sat Nov 16 19:28:55 2024, +46.0°C

Sat Nov 16 19:29:05 2024, +46.0°C

Sat Nov 16 19:29:15 2024, +46.0°C

Sat Nov 16 19:29:25 2024, +47.0°C

Sat Nov 16 19:29:35 2024, +47.0°C

Sat Nov 16 19:29:45 2024, +47.0°C

Sat Nov 16 19:29:55 2024, +48.0°C

Sat Nov 16 19:30:05 2024, +48.0°C

Sat Nov 16 19:30:15 2024, +48.0°C

Sat Nov 16 19:30:25 2024, +48.0°C

Sat Nov 16 19:30:35 2024, +48.0°C

Sat Nov 16 19:30:45 2024, +48.0°C

Sat Nov 16 19:30:55 2024, +48.0°C

Sat Nov 16 19:31:05 2024, +48.0°C

Sat Nov 16 19:31:15 2024, +48.0°C

Sat Nov 16 19:31:26 2024, +48.0°C

Sat Nov 16 19:31:36 2024, +48.0°C

Sat Nov 16 19:31:46 2024, +49.0°C

Sat Nov 16 19:31:56 2024, +49.0°C

Sat Nov 16 19:32:06 2024, +48.0°C

Sat Nov 16 19:32:16 2024, +48.0°C

Sat Nov 16 19:32:26 2024, +49.0°C

Sat Nov 16 19:32:36 2024, +49.0°C

Sat Nov 16 19:32:46 2024, +49.0°C

Sat Nov 16 19:32:56 2024, +49.0°C

Sat Nov 16 19:33:06 2024, +49.0°C

Sat Nov 16 19:33:16 2024, +49.0°C

Sat Nov 16 19:33:26 2024, +49.0°C

Sat Nov 16 19:33:36 2024, +49.0°C

Sat Nov 16 19:33:46 2024, +50.0°C

Sat Nov 16 19:33:56 2024, +47.0°C

Sat Nov 16 19:34:06 2024, +47.0°C

Sat Nov 16 19:34:16 2024, +46.0°C

Sat Nov 16 19:34:26 2024, +46.0°C

Sat Nov 16 19:34:36 2024, +46.0°C

Sat Nov 16 19:34:46 2024, +46.0°C

Sat Nov 16 19:34:57 2024, +46.0°C

Sat Nov 16 19:35:07 2024, +47.0°C

Sat Nov 16 19:35:17 2024, +45.0°C

Sat Nov 16 19:35:27 2024, +45.0°C

Sat Nov 16 19:35:37 2024, +44.0°C

Sat Nov 16 19:35:47 2024, +44.0°C

Sat Nov 16 19:35:57 2024, +45.0°C

Sat Nov 16 19:36:07 2024, +44.0°C

Sat Nov 16 19:36:17 2024, +44.0°C

Sat Nov 16 19:36:27 2024, +43.0°C

Sat Nov 16 19:36:37 2024, +43.0°C

Sat Nov 16 19:36:47 2024, +43.0°C

Sat Nov 16 19:36:57 2024, +43.0°C

Sat Nov 16 19:37:07 2024, +43.0°C

Sat Nov 16 19:37:17 2024, +42.0°C

Sat Nov 16 19:37:27 2024, +42.0°C

Sat Nov 16 19:37:37 2024, +42.0°C

Sat Nov 16 19:37:47 2024, +42.0°C

Sat Nov 16 19:37:57 2024, +42.0°C

Sat Nov 16 19:38:07 2024, +42.0°C

Sat Nov 16 19:38:18 2024, +42.0°C

Sat Nov 16 19:38:28 2024, +42.0°C

Sat Nov 16 19:38:38 2024, +42.0°C

Sat Nov 16 19:38:48 2024, +43.0°C

Sat Nov 16 19:38:58 2024, +43.0°C

Sat Nov 16 19:39:08 2024, +41.0°C

Sat Nov 16 19:39:18 2024, +41.0°C

Sat Nov 16 19:39:28 2024, +41.0°C

Sat Nov 16 19:39:38 2024, +41.0°C

Sat Nov 16 19:39:48 2024, +41.0°C

Sat Nov 16 19:39:58 2024, +41.0°C

Sat Nov 16 19:40:08 2024, +41.0°C

Sat Nov 16 19:40:18 2024, +41.0°C

Sat Nov 16 19:40:28 2024, +41.0°C

Sat Nov 16 19:40:38 2024, +41.0°C

Sat Nov 16 19:40:48 2024, +41.0°C

Sat Nov 16 19:40:58 2024, +41.0°C

Sat Nov 16 19:41:08 2024, +41.0°C

Sat Nov 16 19:41:18 2024, +41.0°C

Sat Nov 16 19:41:28 2024, +41.0°C

Sat Nov 16 19:41:38 2024, +41.0°C

Sat Nov 16 19:41:48 2024, +41.0°C

Sat Nov 16 19:41:58 2024, +41.0°C

Sat Nov 16 19:42:08 2024, +40.0°C

Sat Nov 16 19:42:18 2024, +40.0°C

Sat Nov 16 19:42:28 2024, +40.0°C

Sat Nov 16 19:42:38 2024, +40.0°C

Sat Nov 16 19:42:49 2024, +41.0°C

Sat Nov 16 19:42:59 2024, +41.0°C

Sat Nov 16 19:43:09 2024, +40.0°C

Sat Nov 16 19:43:19 2024, +40.0°C

Sat Nov 16 19:43:29 2024, +40.0°C

Sat Nov 16 19:43:39 2024, +40.0°C

Sat Nov 16 19:43:49 2024, +40.0°C

Sat Nov 16 19:43:59 2024, +41.0°C

Sat Nov 16 19:44:09 2024, +41.0°C

Sat Nov 16 19:44:19 2024, +40.0°C

Sat Nov 16 19:44:29 2024, +40.0°C

Sat Nov 16 19:44:39 2024, +40.0°C

Sat Nov 16 19:44:49 2024, +40.0°C

Sat Nov 16 19:44:59 2024, +40.0°C

Sat Nov 16 19:45:09 2024, +40.0°C

Sat Nov 16 19:45:19 2024, +40.0°C

Sat Nov 16 19:45:29 2024, +40.0°C

Sat Nov 16 19:45:39 2024, +40.0°C

Sat Nov 16 19:45:49 2024, +39.0°C

Sat Nov 16 19:45:59 2024, +39.0°C

Sat Nov 16 19:46:09 2024, +39.0°C

Sat Nov 16 19:46:19 2024, +39.0°C

Sat Nov 16 19:46:29 2024, +39.0°C

Sat Nov 16 19:46:39 2024, +39.0°C

Sat Nov 16 19:46:49 2024, +39.0°C

Sat Nov 16 19:46:59 2024, +39.0°C

Sat Nov 16 19:47:09 2024, +39.0°C

Sat Nov 16 19:47:19 2024, +39.0°C

Sat Nov 16 19:47:29 2024, +39.0°C

Sat Nov 16 19:47:39 2024, +39.0°C

Sat Nov 16 19:47:49 2024, +39.0°C

Sat Nov 16 19:48:00 2024, +41.0°C

Sat Nov 16 19:48:10 2024, +41.0°C

Sat Nov 16 19:48:20 2024, +41.0°C

Sat Nov 16 19:48:30 2024, +44.0°C

Sat Nov 16 19:48:40 2024, +44.0°C

Sat Nov 16 19:48:50 2024, +47.0°C

Sat Nov 16 19:49:00 2024, +47.0°C

Sat Nov 16 19:49:10 2024, +48.0°C

Sat Nov 16 19:49:20 2024, +48.0°C

Sat Nov 16 19:49:30 2024, +48.0°C

Sat Nov 16 19:49:40 2024, +49.0°C

Sat Nov 16 19:49:50 2024, +50.0°C

Sat Nov 16 19:50:00 2024, +50.0°C

Sat Nov 16 19:50:10 2024, +50.0°C

Sat Nov 16 19:50:20 2024, +50.0°C

Sat Nov 16 19:50:30 2024, +49.0°C

Sat Nov 16 19:50:40 2024, +51.0°C

Sat Nov 16 19:50:50 2024, +51.0°C

Sat Nov 16 19:51:00 2024, +51.0°C

Sat Nov 16 19:51:10 2024, +50.0°C

Sat Nov 16 19:51:20 2024, +50.0°C

Sat Nov 16 19:51:30 2024, +50.0°C

Sat Nov 16 19:51:40 2024, +50.0°C

Sat Nov 16 19:51:50 2024, +53.0°C

Sat Nov 16 19:52:00 2024, +53.0°C

Sat Nov 16 19:52:10 2024, +53.0°C

Sat Nov 16 19:52:20 2024, +53.0°C

Sat Nov 16 19:52:30 2024, +53.0°C

Sat Nov 16 19:52:40 2024, +54.0°C

Sat Nov 16 19:52:50 2024, +54.0°C

Sat Nov 16 19:53:00 2024, +54.0°C

Sat Nov 16 19:53:10 2024, +56.0°C

Sat Nov 16 19:53:20 2024, +55.0°C

Sat Nov 16 19:53:30 2024, +55.0°C

Sat Nov 16 19:53:40 2024, +55.0°C

Sat Nov 16 19:53:50 2024, +55.0°C

Sat Nov 16 19:54:00 2024, +57.0°C

Sat Nov 16 19:54:10 2024, +53.0°C

Sat Nov 16 19:54:21 2024, +53.0°C

Sat Nov 16 19:54:31 2024, +56.0°C

Sat Nov 16 19:54:41 2024, +52.0°C

Sat Nov 16 19:54:51 2024, +52.0°C

Sat Nov 16 19:55:01 2024, +50.0°C

Sat Nov 16 19:55:11 2024, +50.0°C

Sat Nov 16 19:55:21 2024, +49.0°C

Sat Nov 16 19:55:31 2024, +50.0°C

Sat Nov 16 19:55:41 2024, +50.0°C

Sat Nov 16 19:55:51 2024, +48.0°C

Sat Nov 16 19:56:01 2024, +48.0°C

Sat Nov 16 19:56:11 2024, +48.0°C

Sat Nov 16 19:56:21 2024, +46.0°C

Sat Nov 16 19:56:31 2024, +46.0°C

Sat Nov 16 19:56:41 2024, +46.0°C

Sat Nov 16 19:56:51 2024, +46.0°C

Sat Nov 16 19:57:01 2024, +46.0°C

Sat Nov 16 19:57:11 2024, +45.0°C

Sat Nov 16 19:57:21 2024, +45.0°C

Sat Nov 16 19:57:31 2024, +46.0°C

Sat Nov 16 19:57:41 2024, +45.0°C

Sat Nov 16 19:57:51 2024, +45.0°C

Sat Nov 16 19:58:01 2024, +44.0°C

Sat Nov 16 19:58:11 2024, +44.0°C

Sat Nov 16 19:58:21 2024, +44.0°C

Sat Nov 16 19:58:31 2024, +43.0°C

Sat Nov 16 19:58:41 2024, +43.0°C

Sat Nov 16 19:58:51 2024, +43.0°C

Sat Nov 16 19:59:01 2024, +44.0°C

Sat Nov 16 19:59:11 2024, +44.0°C

Sat Nov 16 19:59:21 2024, +44.0°C

Sat Nov 16 19:59:31 2024, +44.0°C

Sat Nov 16 19:59:41 2024, +43.0°C

Sat Nov 16 19:59:51 2024, +43.0°C

Sat Nov 16 20:00:02 2024, +43.0°C

Sat Nov 16 20:00:12 2024, +40.0°C

Sat Nov 16 20:00:22 2024, +40.0°C

Sat Nov 16 20:00:32 2024, +40.0°C

Sat Nov 16 20:00:42 2024, +41.0°C

Sat Nov 16 20:00:52 2024, +41.0°C

Sat Nov 16 20:01:02 2024, +41.0°C

Sat Nov 16 20:01:12 2024, +41.0°C

Sat Nov 16 20:01:22 2024, +41.0°C

Sat Nov 16 20:01:32 2024, +41.0°C

Sat Nov 16 20:01:42 2024, +41.0°C

Sat Nov 16 20:01:52 2024, +41.0°C

Sat Nov 16 20:02:02 2024, +41.0°C

Sat Nov 16 20:02:12 2024, +41.0°C

Sat Nov 16 20:02:22 2024, +41.0°C

Sat Nov 16 20:02:32 2024, +41.0°C

Sat Nov 16 20:02:42 2024, +41.0°C

Sat Nov 16 20:02:52 2024, +41.0°C

Sat Nov 16 20:03:02 2024, +41.0°C

Sat Nov 16 20:03:12 2024, +41.0°C

Sat Nov 16 20:03:22 2024, +40.0°C

Sat Nov 16 20:03:32 2024, +40.0°C

Sat Nov 16 20:03:42 2024, +40.0°C

Sat Nov 16 20:03:52 2024, +41.0°C

Sat Nov 16 20:04:02 2024, +41.0°C

Sat Nov 16 20:04:12 2024, +40.0°C

Sat Nov 16 20:04:22 2024, +40.0°C

Sat Nov 16 20:04:32 2024, +43.0°C

Sat Nov 16 20:04:42 2024, +44.0°C

Sat Nov 16 20:04:53 2024, +44.0°C

Sat Nov 16 20:05:03 2024, +46.0°C

Sat Nov 16 20:05:13 2024, +46.0°C

Sat Nov 16 20:05:23 2024, +46.0°C

Sat Nov 16 20:05:33 2024, +46.0°C

Sat Nov 16 20:05:43 2024, +46.0°C

Sat Nov 16 20:05:53 2024, +46.0°C

Sat Nov 16 20:06:03 2024, +47.0°C

Sat Nov 16 20:06:13 2024, +47.0°C

Sat Nov 16 20:06:23 2024, +47.0°C

Sat Nov 16 20:06:33 2024, +47.0°C

Sat Nov 16 20:06:43 2024, +47.0°C

Sat Nov 16 20:06:53 2024, +47.0°C

Sat Nov 16 20:07:03 2024, +47.0°C

Sat Nov 16 20:07:13 2024, +47.0°C

Sat Nov 16 20:07:23 2024, +47.0°C

Sat Nov 16 20:07:33 2024, +47.0°C

Sat Nov 16 20:07:43 2024, +48.0°C

Sat Nov 16 20:07:53 2024, +48.0°C

Sat Nov 16 20:08:03 2024, +49.0°C

Sat Nov 16 20:08:13 2024, +50.0°C

Sat Nov 16 20:08:23 2024, +50.0°C

Sat Nov 16 20:08:33 2024, +50.0°C

Sat Nov 16 20:08:43 2024, +51.0°C

Sat Nov 16 20:08:53 2024, +51.0°C

Sat Nov 16 20:09:03 2024, +51.0°C

Sat Nov 16 20:09:13 2024, +51.0°C

Sat Nov 16 20:09:23 2024, +50.0°C

Sat Nov 16 20:09:33 2024, +50.0°C

Sat Nov 16 20:09:43 2024, +50.0°C

Sat Nov 16 20:09:53 2024, +50.0°C

Sat Nov 16 20:10:03 2024, +50.0°C

Sat Nov 16 20:10:13 2024, +50.0°C

Sat Nov 16 20:10:23 2024, +50.0°C

Sat Nov 16 20:10:33 2024, +50.0°C

Sat Nov 16 20:10:43 2024, +49.0°C

Sat Nov 16 20:10:53 2024, +50.0°C

Sat Nov 16 20:11:03 2024, +50.0°C

Sat Nov 16 20:11:13 2024, +48.0°C

Sat Nov 16 20:11:24 2024, +48.0°C

Sat Nov 16 20:11:34 2024, +47.0°C

Sat Nov 16 20:11:44 2024, +45.0°C

Sat Nov 16 20:11:54 2024, +45.0°C

Sat Nov 16 20:12:04 2024, +45.0°C

Sat Nov 16 20:12:14 2024, +44.0°C

Sat Nov 16 20:12:24 2024, +44.0°C

Sat Nov 16 20:12:34 2024, +44.0°C

Sat Nov 16 20:12:44 2024, +44.0°C

Sat Nov 16 20:12:54 2024, +46.0°C

Sat Nov 16 20:13:04 2024, +45.0°C

Sat Nov 16 20:13:14 2024, +45.0°C

Sat Nov 16 20:13:24 2024, +47.0°C

Sat Nov 16 20:13:34 2024, +47.0°C

Sat Nov 16 20:13:44 2024, +48.0°C

Sat Nov 16 20:13:54 2024, +48.0°C

Sat Nov 16 20:14:04 2024, +48.0°C

Sat Nov 16 20:14:14 2024, +55.0°C

Sat Nov 16 20:14:24 2024, +58.0°C

Sat Nov 16 20:14:34 2024, +58.0°C

Sat Nov 16 20:14:44 2024, +53.0°C

Sat Nov 16 20:14:54 2024, +53.0°C

Sat Nov 16 20:15:04 2024, +50.0°C

Sat Nov 16 20:15:14 2024, +47.0°C

Sat Nov 16 20:15:24 2024, +47.0°C

Sat Nov 16 20:15:34 2024, +48.0°C

Sat Nov 16 20:15:44 2024, +49.0°C

Sat Nov 16 20:15:54 2024, +49.0°C

Sat Nov 16 20:16:05 2024, +47.0°C

Sat Nov 16 20:16:15 2024, +47.0°C

Sat Nov 16 20:16:25 2024, +47.0°C

Sat Nov 16 20:16:35 2024, +46.0°C

Sat Nov 16 20:16:45 2024, +46.0°C

Sat Nov 16 20:16:55 2024, +45.0°C

Sat Nov 16 20:17:05 2024, +45.0°C

Sat Nov 16 20:17:15 2024, +43.0°C

Sat Nov 16 20:17:25 2024, +43.0°C

Sat Nov 16 20:17:35 2024, +43.0°C

Sat Nov 16 20:17:45 2024, +43.0°C

Sat Nov 16 20:17:55 2024, +44.0°C

Sat Nov 16 20:18:05 2024, +44.0°C

Sat Nov 16 20:18:15 2024, +44.0°C

Sat Nov 16 20:18:25 2024, +44.0°C

Sat Nov 16 20:18:35 2024, +48.0°C

Sat Nov 16 20:18:45 2024, +46.0°C

Sat Nov 16 20:18:55 2024, +46.0°C

Sat Nov 16 20:19:05 2024, +46.0°C

Sat Nov 16 20:19:15 2024, +44.0°C

Sat Nov 16 20:19:25 2024, +44.0°C

Sat Nov 16 20:19:35 2024, +43.0°C

Sat Nov 16 20:19:45 2024, +43.0°C

Sat Nov 16 20:19:55 2024, +44.0°C

Sat Nov 16 20:20:05 2024, +43.0°C

Sat Nov 16 20:20:15 2024, +43.0°C

Sat Nov 16 20:20:25 2024, +43.0°C

Sat Nov 16 20:20:35 2024, +43.0°C

Sat Nov 16 20:20:45 2024, +42.0°C

Sat Nov 16 20:20:55 2024, +43.0°C

Sat Nov 16 20:21:05 2024, +43.0°C

Sat Nov 16 20:21:15 2024, +43.0°C

Sat Nov 16 20:21:25 2024, +47.0°C

Sat Nov 16 20:21:35 2024, +47.0°C

Sat Nov 16 20:21:45 2024, +44.0°C

Sat Nov 16 20:21:55 2024, +44.0°C

Sat Nov 16 20:22:05 2024, +45.0°C

Sat Nov 16 20:22:15 2024, +44.0°C

Sat Nov 16 20:22:26 2024, +44.0°C

Sat Nov 16 20:22:36 2024, +44.0°C

Sat Nov 16 20:22:46 2024, +45.0°C

Sat Nov 16 20:22:56 2024, +45.0°C

Sat Nov 16 20:23:06 2024, +46.0°C

Sat Nov 16 20:23:16 2024, +46.0°C

Sat Nov 16 20:23:26 2024, +47.0°C

Sat Nov 16 20:23:36 2024, +47.0°C

Sat Nov 16 20:23:46 2024, +47.0°C

Sat Nov 16 20:23:56 2024, +45.0°C

Sat Nov 16 20:24:06 2024, +45.0°C

Sat Nov 16 20:24:16 2024, +44.0°C

Sat Nov 16 20:24:26 2024, +44.0°C

Sat Nov 16 20:24:36 2024, +44.0°C

Sat Nov 16 20:24:46 2024, +44.0°C

Sat Nov 16 20:24:56 2024, +44.0°C

Sat Nov 16 20:25:06 2024, +44.0°C

Sat Nov 16 20:25:16 2024, +44.0°C

Sat Nov 16 20:25:26 2024, +44.0°C

Sat Nov 16 20:25:36 2024, +43.0°C

Sat Nov 16 20:25:46 2024, +43.0°C

Sat Nov 16 20:25:56 2024, +43.0°C

Sat Nov 16 20:26:06 2024, +46.0°C

Sat Nov 16 20:26:16 2024, +47.0°C

Sat Nov 16 20:26:26 2024, +47.0°C

Sat Nov 16 20:26:36 2024, +44.0°C

Sat Nov 16 20:26:46 2024, +44.0°C

Sat Nov 16 20:26:56 2024, +44.0°C

Sat Nov 16 20:27:06 2024, +44.0°C

Sat Nov 16 20:27:16 2024, +44.0°C

Sat Nov 16 20:27:26 2024, +44.0°C

Sat Nov 16 20:27:36 2024, +44.0°C

Sat Nov 16 20:27:46 2024, +44.0°C

Sat Nov 16 20:27:56 2024, +44.0°C

Sat Nov 16 20:28:06 2024, +44.0°C

Sat Nov 16 20:28:16 2024, +44.0°C

Sat Nov 16 20:28:26 2024, +43.0°C

Sat Nov 16 20:28:36 2024, +43.0°C

Sat Nov 16 20:28:46 2024, +43.0°C

Sat Nov 16 20:28:56 2024, +43.0°C

Sat Nov 16 20:29:06 2024, +43.0°C

Sat Nov 16 20:29:16 2024, +42.0°C

Sat Nov 16 20:29:26 2024, +42.0°C

Sat Nov 16 20:29:37 2024, +42.0°C

Sat Nov 16 20:29:47 2024, +42.0°C

Sat Nov 16 20:29:57 2024, +42.0°C

Sat Nov 16 20:30:07 2024, +44.0°C

Sat Nov 16 20:30:17 2024, +44.0°C

Sat Nov 16 20:30:27 2024, +44.0°C

Sat Nov 16 20:30:37 2024, +44.0°C

Sat Nov 16 20:30:47 2024, +44.0°C

Sat Nov 16 20:30:57 2024, +44.0°C

Sat Nov 16 20:31:07 2024, +44.0°C

Sat Nov 16 20:31:17 2024, +44.0°C

Sat Nov 16 20:31:27 2024, +43.0°C

Sat Nov 16 20:31:37 2024, +43.0°C

Sat Nov 16 20:31:47 2024, +42.0°C

Sat Nov 16 20:31:57 2024, +42.0°C

Sat Nov 16 20:32:07 2024, +42.0°C

Sat Nov 16 20:32:17 2024, +41.0°C

Sat Nov 16 20:32:27 2024, +41.0°C

Sat Nov 16 20:32:37 2024, +41.0°C

Sat Nov 16 20:32:47 2024, +43.0°C

Sat Nov 16 20:32:57 2024, +43.0°C

Sat Nov 16 20:33:07 2024, +45.0°C

Sat Nov 16 20:33:17 2024, +46.0°C

Sat Nov 16 20:33:27 2024, +46.0°C

Sat Nov 16 20:33:37 2024, +46.0°C

Sat Nov 16 20:33:47 2024, +46.0°C

Sat Nov 16 20:33:57 2024, +46.0°C

Sat Nov 16 20:34:07 2024, +45.0°C

Sat Nov 16 20:34:17 2024, +45.0°C

Sat Nov 16 20:34:27 2024, +44.0°C

Sat Nov 16 20:34:37 2024, +43.0°C

Sat Nov 16 20:34:48 2024, +43.0°C

Sat Nov 16 20:34:58 2024, +45.0°C

Sat Nov 16 20:35:08 2024, +45.0°C

Sat Nov 16 20:35:18 2024, +44.0°C

Sat Nov 16 20:35:28 2024, +43.0°C

Sat Nov 16 20:35:38 2024, +43.0°C

Sat Nov 16 20:35:48 2024, +42.0°C

Sat Nov 16 20:35:58 2024, +42.0°C

Sat Nov 16 20:36:08 2024, +43.0°C

Sat Nov 16 20:36:18 2024, +43.0°C

Sat Nov 16 20:36:28 2024, +43.0°C

Sat Nov 16 20:36:38 2024, +42.0°C

Sat Nov 16 20:36:48 2024, +42.0°C

Sat Nov 16 20:36:58 2024, +42.0°C

Sat Nov 16 20:37:08 2024, +42.0°C

Sat Nov 16 20:37:18 2024, +42.0°C

Sat Nov 16 20:37:28 2024, +42.0°C

Sat Nov 16 20:37:38 2024, +42.0°C

Sat Nov 16 20:37:48 2024, +42.0°C

Sat Nov 16 20:37:58 2024, +42.0°C

Sat Nov 16 20:38:08 2024, +41.0°C

Sat Nov 16 20:38:18 2024, +41.0°C

Sat Nov 16 20:38:28 2024, +41.0°C

Sat Nov 16 20:38:38 2024, +41.0°C

Sat Nov 16 20:38:48 2024, +41.0°C

Sat Nov 16 20:38:58 2024, +41.0°C

Sat Nov 16 20:39:08 2024, +41.0°C

Sat Nov 16 20:39:18 2024, +41.0°C

Sat Nov 16 20:39:28 2024, +41.0°C

Sat Nov 16 20:39:38 2024, +41.0°C

Sat Nov 16 20:39:48 2024, +41.0°C

Sat Nov 16 20:39:59 2024, +41.0°C

Sat Nov 16 20:40:09 2024, +41.0°C

Sat Nov 16 20:40:19 2024, +41.0°C

Sat Nov 16 20:40:29 2024, +41.0°C

Sat Nov 16 20:40:39 2024, +41.0°C

Sat Nov 16 20:40:49 2024, +41.0°C

Sat Nov 16 20:40:59 2024, +41.0°C

Sat Nov 16 20:41:09 2024, +40.0°C

Sat Nov 16 20:41:19 2024, +40.0°C

Sat Nov 16 20:41:29 2024, +40.0°C

Sat Nov 16 20:41:39 2024, +40.0°C

Sat Nov 16 20:41:49 2024, +40.0°C

Sat Nov 16 20:41:59 2024, +40.0°C

Sat Nov 16 20:42:09 2024, +40.0°C

Sat Nov 16 20:42:19 2024, +40.0°C

Sat Nov 16 20:42:29 2024, +40.0°C

Sat Nov 16 20:42:39 2024, +40.0°C

Sat Nov 16 20:42:49 2024, +40.0°C

Sat Nov 16 20:42:59 2024, +40.0°C

Sat Nov 16 20:43:09 2024, +40.0°C

Sat Nov 16 20:43:19 2024, +40.0°C

Sat Nov 16 20:43:29 2024, +40.0°C

Sat Nov 16 20:43:39 2024, +40.0°C

Sat Nov 16 20:43:49 2024, +40.0°C

Sat Nov 16 20:43:59 2024, +40.0°C

Sat Nov 16 20:44:09 2024, +40.0°C

Sat Nov 16 20:44:19 2024, +40.0°C

Sat Nov 16 20:44:29 2024, +39.0°C

Sat Nov 16 20:44:39 2024, +40.0°C

Sat Nov 16 20:44:49 2024, +40.0°C

Sat Nov 16 20:44:59 2024, +41.0°C

Sat Nov 16 20:45:09 2024, +39.0°C

Sat Nov 16 20:45:19 2024, +39.0°C

Sat Nov 16 20:45:29 2024, +39.0°C

Sat Nov 16 20:45:39 2024, +39.0°C

Sat Nov 16 20:45:50 2024, +39.0°C

Sat Nov 16 20:46:00 2024, +40.0°C

Sat Nov 16 20:46:10 2024, +40.0°C

Sat Nov 16 20:46:20 2024, +39.0°C

Sat Nov 16 20:46:30 2024, +39.0°C

Sat Nov 16 20:46:40 2024, +39.0°C

Sat Nov 16 20:46:50 2024, +39.0°C

Sat Nov 16 20:47:00 2024, +39.0°C

Sat Nov 16 20:47:10 2024, +39.0°C

Sat Nov 16 20:47:20 2024, +39.0°C

Sat Nov 16 20:47:30 2024, +39.0°C

Sat Nov 16 20:47:40 2024, +39.0°C

Sat Nov 16 20:47:50 2024, +39.0°C

Sat Nov 16 20:48:00 2024, +39.0°C

Sat Nov 16 20:48:10 2024, +39.0°C

Sat Nov 16 20:48:20 2024, +39.0°C

Sat Nov 16 20:48:30 2024, +39.0°C

Sat Nov 16 20:48:40 2024, +39.0°C

Sat Nov 16 20:48:50 2024, +39.0°C

Sat Nov 16 20:49:00 2024, +40.0°C

Sat Nov 16 20:49:10 2024, +40.0°C

Sat Nov 16 20:49:20 2024, +39.0°C

Sat Nov 16 20:49:30 2024, +39.0°C

Sat Nov 16 20:49:40 2024, +39.0°C

Sat Nov 16 20:49:50 2024, +39.0°C

Sat Nov 16 20:50:01 2024, +39.0°C

Sat Nov 16 20:50:11 2024, +39.0°C

Sat Nov 16 20:50:21 2024, +39.0°C

Sat Nov 16 20:50:31 2024, +39.0°C

Sat Nov 16 20:50:41 2024, +39.0°C

Sat Nov 16 20:50:51 2024, +39.0°C

Sat Nov 16 20:51:01 2024, +39.0°C

Sat Nov 16 20:51:11 2024, +39.0°C

Sat Nov 16 20:51:21 2024, +39.0°C

Sat Nov 16 20:51:31 2024, +39.0°C

Sat Nov 16 20:51:41 2024, +39.0°C

Sat Nov 16 20:51:51 2024, +39.0°C

Sat Nov 16 20:52:01 2024, +40.0°C

Sat Nov 16 20:52:11 2024, +39.0°C

Sat Nov 16 20:52:21 2024, +39.0°C

Sat Nov 16 20:52:31 2024, +39.0°C

Sat Nov 16 20:52:41 2024, +39.0°C

Sat Nov 16 20:52:51 2024, +39.0°C

Sat Nov 16 20:53:01 2024, +40.0°C

Sat Nov 16 20:53:11 2024, +40.0°C

Sat Nov 16 20:53:21 2024, +39.0°C

Sat Nov 16 20:53:31 2024, +38.0°C

Sat Nov 16 20:53:41 2024, +38.0°C

Sat Nov 16 20:53:51 2024, +38.0°C

Sat Nov 16 20:54:01 2024, +38.0°C

Sat Nov 16 20:54:11 2024, +38.0°C

Sat Nov 16 20:54:21 2024, +38.0°C

Sat Nov 16 20:54:32 2024, +38.0°C

Sat Nov 16 20:54:42 2024, +38.0°C

Sat Nov 16 21:30:27 2024, +28.0°C

Sat Nov 16 21:30:37 2024, +29.0°C

Sat Nov 16 21:30:47 2024, +29.0°C

Sat Nov 16 21:30:57 2024, +29.0°C

Sat Nov 16 21:31:07 2024, +29.0°C

Sat Nov 16 21:31:17 2024, +29.0°C

Sat Nov 16 21:31:27 2024, +30.0°C

Sat Nov 16 21:31:37 2024, +30.0°C

Sat Nov 16 21:31:47 2024, +31.0°C

Sat Nov 16 21:31:57 2024, +30.0°C

Sat Nov 16 21:32:08 2024, +30.0°C

Sat Nov 16 21:32:18 2024, +31.0°C

Sat Nov 16 21:32:28 2024, +31.0°C

Sat Nov 16 21:32:38 2024, +31.0°C

Sat Nov 16 21:32:48 2024, +31.0°C

Sat Nov 16 21:32:58 2024, +31.0°C

Sat Nov 16 21:33:08 2024, +31.0°C

Sat Nov 16 21:33:18 2024, +31.0°C

Sat Nov 16 21:33:28 2024, +31.0°C

Sat Nov 16 21:33:38 2024, +31.0°C

Sat Nov 16 21:33:48 2024, +31.0°C

Sat Nov 16 21:33:58 2024, +31.0°C

Sat Nov 16 21:34:08 2024, +31.0°C

Sat Nov 16 21:34:18 2024, +31.0°C

Sat Nov 16 21:34:28 2024, +31.0°C

Sat Nov 16 21:34:38 2024, +32.0°C

Sat Nov 16 21:34:48 2024, +32.0°C

Sat Nov 16 21:34:58 2024, +32.0°C

Sat Nov 16 21:35:08 2024, +32.0°C

Sat Nov 16 21:35:18 2024, +32.0°C

Sat Nov 16 21:35:28 2024, +32.0°C

Sat Nov 16 21:35:38 2024, +32.0°C

Sat Nov 16 21:35:48 2024, +32.0°C

Sat Nov 16 21:35:58 2024, +33.0°C

Sat Nov 16 21:36:08 2024, +33.0°C

Sat Nov 16 21:36:18 2024, +32.0°C

Sat Nov 16 21:36:28 2024, +32.0°C

Sat Nov 16 21:36:38 2024, +33.0°C

Sat Nov 16 21:36:48 2024, +33.0°C

Sat Nov 16 21:36:58 2024, +33.0°C

Sat Nov 16 21:37:08 2024, +33.0°C

Sat Nov 16 21:37:18 2024, +33.0°C

Sat Nov 16 21:37:28 2024, +33.0°C

Sat Nov 16 21:37:38 2024, +33.0°C

Sat Nov 16 21:37:48 2024, +33.0°C

Sat Nov 16 21:37:58 2024, +33.0°C

Sat Nov 16 21:38:08 2024, +33.0°C

Sat Nov 16 21:38:18 2024, +33.0°C

Sat Nov 16 21:38:28 2024, +33.0°C

Sat Nov 16 21:38:39 2024, +33.0°C

Sat Nov 16 21:38:49 2024, +33.0°C

Sat Nov 16 21:38:59 2024, +33.0°C

Sat Nov 16 21:39:09 2024, +33.0°C

Sat Nov 16 21:39:19 2024, +33.0°C

Sat Nov 16 21:39:29 2024, +33.0°C

Sat Nov 16 21:39:39 2024, +33.0°C

Sat Nov 16 21:39:49 2024, +33.0°C

Sat Nov 16 21:39:59 2024, +33.0°C

Sat Nov 16 21:40:09 2024, +33.0°C

Sat Nov 16 21:40:19 2024, +38.0°C

Sat Nov 16 21:40:29 2024, +38.0°C

Sat Nov 16 21:40:39 2024, +37.0°C

Sat Nov 16 21:40:49 2024, +39.0°C

Sat Nov 16 21:40:59 2024, +39.0°C

Sat Nov 16 21:41:09 2024, +42.0°C

Sat Nov 16 21:41:19 2024, +42.0°C

Sat Nov 16 21:41:29 2024, +42.0°C

Sat Nov 16 21:41:39 2024, +42.0°C

Sat Nov 16 21:41:49 2024, +42.0°C

Sat Nov 16 21:41:59 2024, +43.0°C

Sat Nov 16 21:42:09 2024, +44.0°C

Sat Nov 16 21:42:19 2024, +44.0°C

Sat Nov 16 21:42:29 2024, +45.0°C

Sat Nov 16 21:42:39 2024, +45.0°C

Sat Nov 16 21:42:49 2024, +45.0°C

Sat Nov 16 21:42:59 2024, +47.0°C

